year,guerrero_ha
2024,2242.2473566176477
2023,2099.773515992648
2022,1838.3700175551471
