year,atoyac_ha
2014,142.4403109375
2015,142.4403109375
2016,142.4403109375
