indicador,atoyac_ha,guerrero_ha,atoyac_%_del_estado
Total 2001-2024,1566.8434203124998,29659.992188143384,5.282683186069237
